sales_region_code,item_code,first_cate_code,second_cate_code,ord_qty
101,20002,303,406,8992
101,20003,301,405,310120
101,20006,307,403,96118
101,20014,307,403,244414
101,20016,303,401,74210
101,20018,306,407,117412
101,20020,305,412,16084
101,20021,305,412,4448
101,20024,306,402,47948
101,20039,305,412,528
101,20041,302,408,41743
101,20046,303,401,283
101,20049,302,408,16339
101,20055,304,409,11289
101,20058,303,401,80902
101,20076,303,401,96734
101,20085,301,405,129684
101,20086,303,401,85112
101,20089,307,403,54074
101,20091,308,404,20665
101,20093,306,407,91398
101,20107,306,407,14890
101,20111,306,407,18896
101,20113,308,404,19201
101,20118,305,412,9397
101,20119,305,412,23996
101,20121,306,407,6044
101,20127,307,403,26323
101,20131,306,407,53322
101,20134,305,412,34196
101,20135,303,401,93852
101,20139,306,407,150363
101,20140,305,412,27871
101,20142,306,407,2815
101,20145,306,407,2034
101,20146,306,402,21506
101,20150,304,409,13032
101,20151,305,412,46206
101,20152,305,412,302828
101,20156,305,412,896
101,20157,303,401,10086
101,20160,303,410,12
101,20162,302,408,17314
101,20163,302,408,1652
101,20164,306,407,1110
101,20169,308,404,32413
101,20172,306,407,25120
101,20173,303,401,68016
101,20175,304,409,16638
101,20178,307,403,910
101,20182,303,401,11582
101,20187,302,408,6814
101,20192,308,404,62606
101,20193,302,408,6889
101,20195,302,408,9700
101,20206,305,412,110952
101,20215,302,408,6750
101,20218,302,408,3005
101,20221,306,407,30627
101,20224,307,403,369387
101,20226,303,401,193484
101,20227,308,404,272505
101,20230,306,407,180386
101,20231,305,412,63
101,20235,303,411,1033
101,20240,306,407,6
101,20245,303,411,1573
101,20247,306,407,4075
101,20248,306,402,161515
101,20251,303,406,3910
101,20252,306,407,92254
101,20253,306,407,269905
101,20256,307,403,4620
101,20259,306,407,1083
101,20261,304,409,8619
101,20267,303,401,9768
101,20272,308,404,16283
101,20278,305,412,19975
101,20282,305,412,736
101,20283,306,407,604869
101,20284,304,409,76615
101,20285,305,412,81117
101,20292,305,412,21860
101,20296,305,412,122590
101,20297,306,407,1018
101,20305,305,412,33441
101,20311,307,403,7182
101,20313,305,412,109937
101,20316,301,405,23262
101,20320,306,407,1614
101,20321,302,408,11551
101,20323,305,412,357006
101,20325,308,404,4218
101,20327,302,408,24816
101,20328,306,407,23960
101,20336,303,401,3067
101,20337,302,408,36907
101,20341,308,404,82814
101,20342,305,412,59563
101,20343,304,409,59804
101,20344,308,404,9425
101,20346,306,407,65666
101,20347,308,404,11327
101,20350,305,412,13144
101,20357,301,405,20940
101,20360,303,401,3713
101,20366,302,408,9768
101,20368,306,407,165274
101,20370,305,412,3157
101,20384,307,403,4742
101,20387,305,412,6181
101,20388,305,412,7556
101,20389,302,408,52533
101,20391,306,407,22006
101,20394,303,406,516
101,20396,305,412,48141
101,20399,302,408,44002
101,20404,303,401,15336
101,20405,302,408,47868
101,20407,305,412,4876
101,20413,306,407,321277
101,20414,308,404,263690
101,20416,301,405,45684
101,20418,307,403,2871
101,20419,306,407,60717
101,20422,302,408,13700
101,20427,302,408,24670
101,20428,303,401,16993
101,20429,305,412,7435
101,20433,305,412,22191
101,20434,306,407,6879
101,20438,304,409,2934
101,20439,302,408,2782
101,20445,303,401,156780
101,20447,304,409,7819
101,20452,301,405,28216
101,20457,305,412,427212
101,20459,305,412,16878
101,20461,303,406,4192
101,20465,302,408,9896
101,20473,306,407,10250
101,20478,302,408,14238
101,20480,307,403,57125
101,20483,305,412,112910
101,20492,307,403,70770
101,20494,304,409,4723
101,20498,306,407,28948
101,20501,306,407,558617
101,20502,305,412,14174
101,20504,307,403,90848
101,20506,303,401,4099
101,20511,308,404,229
101,20512,308,404,161664
101,20515,305,412,10204
101,20522,305,412,19756
101,20523,308,404,317256
101,20525,301,405,50275
101,20527,303,406,9954
101,20528,303,410,228
101,20531,307,403,57701
101,20538,306,407,8245
101,20540,303,401,7594
101,20545,305,412,430836
101,20554,305,412,2469
101,20555,308,404,228901
101,20561,303,401,38648
101,20563,303,401,1938
101,20567,303,406,1843
101,20575,308,404,100924
101,20580,302,408,22828
101,20583,306,407,488618
101,20584,306,407,69494
101,20587,306,407,83856
101,20590,306,407,6582
101,20596,302,408,27796
101,20597,302,408,36479
101,20600,307,403,39777
101,20616,306,407,7912
101,20618,307,403,21251
101,20624,302,408,36115
101,20625,302,408,811
101,20627,307,403,100
101,20631,307,403,187741
101,20635,302,408,26362
101,20636,306,407,15069
101,20648,305,412,232391
101,20649,308,404,7129
101,20653,305,412,183692
101,20654,307,403,14858
101,20655,306,407,49283
101,20656,305,412,55426
101,20657,303,410,8842
101,20661,302,408,138486
101,20662,305,412,114565
101,20668,304,409,21471
101,20672,302,408,11937
101,20675,307,403,23201
101,20678,303,401,43311
101,20682,306,407,109
101,20683,302,408,34609
101,20687,307,403,309
101,20688,303,401,56131
101,20689,303,401,3285
101,20693,308,404,350710
101,20696,305,412,22814
101,20697,304,409,3015
101,20699,306,407,220
101,20700,306,407,102232
101,20704,307,403,114096
101,20707,306,407,1355
101,20712,306,407,53413
101,20714,305,412,5644
101,20716,303,401,244
101,20717,303,401,198758
101,20720,303,401,99815
101,20722,306,407,3323
101,20727,302,408,35075
101,20729,306,407,83255
101,20731,302,408,145
101,20734,306,407,39816
101,20738,305,412,1288
101,20739,305,412,51935
101,20740,304,409,17643
101,20742,308,404,6374
101,20743,305,412,175433
101,20744,302,408,6149
101,20753,308,404,27401
101,20759,302,408,33500
101,20763,308,404,215210
101,20766,306,407,97824
101,20768,308,404,84480
101,20775,306,407,1382
101,20780,306,407,24944
101,20782,303,406,537
101,20786,303,401,91152
101,20795,307,403,111847
101,20797,305,412,10490
101,20803,304,409,36688
101,20804,302,408,116566
101,20805,306,407,26405
101,20808,306,407,30541
101,20810,306,407,186834
101,20816,306,407,2560
101,20820,306,407,547777
101,20827,303,401,34399
101,20828,305,412,8764
101,20830,307,403,60019
101,20831,306,407,45227
101,20840,303,401,46648
101,20842,308,404,93832
101,20846,302,408,84611
101,20849,305,412,8028
101,20855,306,407,587
101,20858,303,401,12855
101,20859,306,407,125420
101,20862,307,403,375047
101,20868,308,404,24925
101,20876,304,409,1501
101,20877,308,404,320460
101,20879,305,412,31885
101,20880,305,412,1890
101,20882,306,407,577
101,20886,303,410,4174
101,20892,306,407,10104
101,20896,307,403,93071
101,20900,306,407,139632
101,20901,303,410,7725
101,20911,301,405,26828
101,20912,305,412,11615
101,20913,306,407,855
101,20915,304,409,572
101,20916,306,407,246711
101,20920,306,407,327154
101,20922,305,412,20311
101,20929,308,404,18464
101,20932,303,401,356631
101,20934,305,412,21
101,20940,303,410,1191
101,20942,305,412,18716
101,20944,301,405,82697
101,20947,306,407,20941
101,20953,302,408,52493
101,20956,307,403,13141
101,20957,305,412,1810
101,20964,306,407,2081
101,20973,306,407,1625675
101,20976,306,407,29255
101,20978,305,412,10802
101,20980,303,401,40493
101,20981,304,409,6680
101,20984,306,407,23104
101,20985,303,401,11057
101,20992,303,411,4441
101,20993,306,407,168903
101,20996,306,407,974793
101,20997,305,412,507
101,21000,301,405,13021
101,21016,308,404,75485
101,21023,306,407,9704
101,21026,306,407,190883
101,21027,302,408,239753
101,21028,306,407,26004
101,21034,306,407,3579
101,21036,303,406,139
101,21038,308,404,27545
101,21039,306,407,110379
101,21043,306,407,21614
101,21044,302,408,71306
101,21046,302,408,1441
101,21049,304,409,39041
101,21053,306,407,138790
101,21054,308,404,66772
101,21057,303,401,76298
101,21059,302,408,14466
101,21061,308,404,714686
101,21062,302,408,2085
101,21064,308,404,6567
101,21067,302,408,34097
101,21068,305,412,216833
101,21069,303,401,637
101,21076,302,408,38333
101,21081,307,403,416610
101,21082,306,407,5556
101,21084,306,407,1498
101,21088,301,405,18389
101,21090,302,408,1650
101,21094,306,407,3870
101,21096,305,412,9076
101,21100,302,408,9318
101,21103,306,407,177064
101,21109,302,408,38310
101,21110,307,403,26
101,21111,303,410,2099
101,21115,307,403,244
101,21119,305,412,2091
101,21121,305,412,20171
101,21123,303,406,2650
101,21124,307,403,24148
101,21127,302,408,14854
101,21129,302,408,19766
101,21147,306,407,93142
101,21157,308,404,46023
101,21158,306,407,12411
101,21160,306,407,7611
101,21166,305,412,6920
101,21168,308,404,13550
101,21174,305,412,191
101,21182,303,401,1110
101,21183,307,403,280025
101,21185,307,403,16413
101,21188,303,410,3851
101,21192,303,411,1409
101,21195,302,408,5466
101,21198,306,407,18828
101,21201,306,407,36046
101,21212,306,407,92380
101,21215,303,401,10643
101,21220,305,412,2704
101,21221,306,407,55131
101,21225,306,407,10445
101,21230,305,412,3351
101,21236,303,410,302
101,21237,306,407,7774
101,21238,308,404,308224
101,21239,306,407,2779
101,21240,302,408,11029
101,21245,302,408,2430
101,21249,307,403,442359
101,21253,306,407,172961
101,21255,306,407,138544
101,21260,301,405,86327
101,21268,307,403,1906
101,21271,306,407,2339806
101,21274,305,412,346355
101,21280,306,407,3870
101,21284,306,407,125866
101,21285,306,407,35631
101,21290,305,412,30508
101,21292,303,410,3068
101,21293,306,407,627
101,21296,304,409,29399
101,21297,306,407,91452
101,21298,306,407,11022
101,21304,302,408,46853
101,21306,306,407,140790
101,21312,302,408,6606
101,21314,308,404,284560
101,21318,303,401,4993
101,21320,306,407,3
101,21328,303,410,927
101,21330,303,401,27644
101,21340,304,409,3376
101,21346,306,407,16389
101,21357,303,406,88
101,21358,306,407,3659
101,21359,306,407,132614
101,21361,303,401,28032
101,21363,305,412,22455
101,21371,305,412,9979
101,21373,306,407,140123
101,21376,308,404,155
101,21379,305,412,46898
101,21381,306,407,73454
101,21386,306,407,3028
101,21394,306,407,684928
101,21398,308,404,25781
101,21406,303,401,8923
101,21407,308,404,13508
101,21409,303,410,4577
101,21410,306,407,14896
101,21415,305,412,21109
101,21418,303,410,200
101,21420,307,403,791
101,21424,306,407,182215
101,21425,307,403,7839
101,21430,306,407,9322
101,21431,302,408,27031
101,21432,308,404,333
101,21433,304,409,2183
101,21435,308,404,127347
101,21437,302,408,12453
101,21440,305,412,1631
101,21443,305,412,2113
101,21444,307,403,2629
101,21446,308,404,234766
101,21454,304,409,12041
101,21456,306,407,30792
101,21460,303,406,1405
101,21462,308,404,61367
101,21465,302,408,28201
101,21467,306,407,7887
101,21468,305,412,97969
101,21477,303,411,3673
101,21484,305,412,111126
101,21488,307,403,2359
101,21490,306,407,7993
101,21492,306,407,22613
101,21497,306,407,2774
101,21501,306,407,8423
101,21502,302,408,4564
101,21507,306,407,60945
101,21521,306,407,43870
101,21524,307,403,227642
101,21527,306,407,27400
101,21529,304,409,2109
101,21531,302,408,15970
101,21532,304,409,25982
101,21533,306,407,23839
101,21543,307,403,327
101,21549,307,403,122878
101,21550,301,405,11794
101,21555,303,410,5955
101,21558,302,408,1259
101,21561,306,407,239366
101,21573,306,407,51862
101,21579,306,407,23370
101,21583,305,412,23830
101,21585,302,408,24154
101,21589,306,407,61884
101,21596,302,408,6456
101,21597,302,408,6493
101,21601,306,407,512030
101,21602,306,407,9214
101,21605,303,401,1748
101,21612,304,409,1301
101,21614,306,407,6
101,21617,303,401,22071
101,21619,306,402,1928511
101,21626,308,404,16616
101,21631,302,408,25578
101,21637,305,412,10012
101,21639,308,404,32329
101,21640,303,401,4543
101,21642,303,401,16336
101,21644,303,401,159303
101,21648,306,407,569
101,21650,303,401,7273
101,21651,308,404,29111
101,21652,302,408,4180
101,21653,306,407,19731
101,21659,306,407,36290
101,21669,305,412,5150
101,21681,302,408,82253
101,21683,302,408,4193
101,21690,303,401,40831
101,21698,308,404,1051
101,21703,305,412,62623
101,21707,307,403,578
101,21709,302,408,12989
101,21714,302,408,21248
101,21715,302,408,715046
101,21719,306,407,13183
101,21730,302,408,14435
101,21731,301,405,138503
101,21735,306,407,25777
101,21737,307,403,110
101,21740,307,403,1747
101,21743,307,403,10150
101,21745,303,401,24735
101,21749,303,401,1364
101,21751,306,402,15772
101,21754,305,412,33489
101,21755,307,403,3870
101,21757,303,406,3808
101,21760,302,408,370
101,21764,302,408,71290
101,21772,307,403,785
101,21775,302,408,67576
101,21777,302,408,3639
101,21779,307,403,115584
101,21780,306,407,9024
101,21781,307,403,44243
101,21785,305,412,22783
101,21787,302,408,13407
101,21791,302,408,12492
101,21793,303,411,454
101,21794,306,407,43470
101,21795,306,407,6463
101,21807,303,410,244
101,21808,303,410,590
101,21809,307,403,296635
101,21812,303,401,4379
101,21814,306,407,184524
101,21819,306,402,269570
101,21835,308,404,22327
101,21839,307,403,1004
101,21845,302,408,52366
101,21850,305,412,13311
101,21851,303,401,1670
101,21853,306,407,24071
101,21855,302,408,4470
101,21864,302,408,8325
101,21865,306,407,602
101,21871,306,407,1868
101,21878,305,412,30820
101,21881,306,407,207423
101,21883,306,407,322312
101,21884,306,407,2604
101,21895,308,404,2030
101,21903,305,412,13590
101,21909,303,401,19373
101,21911,306,407,11868
101,21913,306,407,171474
101,21914,306,407,9831
101,21915,303,410,959
101,21917,305,412,32375
101,21923,307,403,8390
101,21940,303,401,4153
101,21942,306,407,40145
101,21961,308,404,61559
101,21962,303,401,23119
101,21964,303,410,925
101,21966,307,403,194
101,21967,302,408,186
101,21969,303,410,19291
101,21974,306,407,134129
101,21977,307,403,11338
101,21978,307,403,158469
101,21980,303,401,8035
101,21982,305,412,74290
101,21986,301,405,443898
101,21995,306,407,128629
101,22007,302,408,72864
101,22013,303,401,1622
101,22015,304,409,10081
101,22020,302,408,2780
101,22021,307,403,145918
101,22025,306,407,3188
101,22027,306,402,12942
101,22028,305,412,41741
101,22030,307,403,19451
101,22035,305,412,30456
101,22038,306,407,44055
101,22040,304,409,49132
101,22045,302,408,8731
101,22046,305,412,125382
101,22047,306,407,84889
101,22048,306,407,135645
101,22053,306,407,28165
101,22056,302,408,28415
101,22058,302,408,29150
101,22059,305,412,41310
101,22066,307,403,175254
101,22081,303,401,25623
101,22082,305,412,2502
101,22084,302,408,11595
102,20002,303,406,8992
102,20003,301,405,310120
102,20006,307,403,96118
102,20008,303,401,26388
102,20014,307,403,244414
102,20016,303,401,74210
102,20018,306,407,117412
102,20020,305,412,16084
102,20024,306,402,47948
102,20033,307,403,6531
102,20038,307,403,32054
102,20041,302,408,41743
102,20044,308,404,11503
102,20046,303,401,283
102,20049,302,408,16339
102,20055,304,409,11289
102,20056,302,408,8614
102,20074,308,404,14395
102,20076,303,401,96734
102,20085,301,405,129684
102,20089,307,403,54074
102,20090,302,408,77300
102,20091,308,404,20665
102,20092,306,407,128444
102,20093,306,407,91398
102,20107,306,407,14890
102,20111,306,407,18896
102,20113,308,404,19201
102,20118,305,412,9397
102,20121,306,407,6044
102,20127,307,403,26323
102,20131,306,407,53322
102,20134,305,412,34196
102,20135,303,401,93852
102,20139,306,407,150363
102,20145,306,407,2034
102,20146,306,402,21506
102,20149,302,408,17336
102,20150,304,409,13032
102,20152,305,412,302828
102,20155,303,401,4134
102,20156,305,412,896
102,20160,303,410,12
102,20162,302,408,17314
102,20164,306,407,1110
102,20168,302,408,68867
102,20169,308,404,32413
102,20172,306,407,25120
102,20173,303,401,68016
102,20175,304,409,16638
102,20176,307,403,7422
102,20182,303,401,11582
102,20187,302,408,6814
102,20189,305,412,127145
102,20192,308,404,62606
102,20195,302,408,9700
102,20206,305,412,110952
102,20215,302,408,6750
102,20221,306,407,30627
102,20222,302,408,15
102,20224,307,403,369387
102,20226,303,401,193484
102,20227,308,404,272505
102,20230,306,407,180386
102,20231,305,412,63
102,20235,303,411,1033
102,20240,306,407,6
102,20251,303,406,3910
102,20252,306,407,92254
102,20253,306,407,269905
102,20256,307,403,4620
102,20261,304,409,8619
102,20267,303,401,9768
102,20271,306,407,16362
102,20272,308,404,16283
102,20276,306,407,72256
102,20278,305,412,19975
102,20283,306,407,604869
102,20284,304,409,76615
102,20285,305,412,81117
102,20292,305,412,21860
102,20300,305,412,3491
102,20304,302,408,7031
102,20311,307,403,7182
102,20312,306,407,11355
102,20313,305,412,109937
102,20316,301,405,23262
102,20320,306,407,1614
102,20321,302,408,11551
102,20323,305,412,357006
102,20325,308,404,4218
102,20328,306,407,23960
102,20336,303,401,3067
102,20337,302,408,36907
102,20341,308,404,82814
102,20343,304,409,59804
102,20344,308,404,9425
102,20346,306,407,65666
102,20347,308,404,11327
102,20357,301,405,20940
102,20366,302,408,9768
102,20368,306,407,165274
102,20377,303,410,83
102,20385,306,407,48757
102,20387,305,412,6181
102,20389,302,408,52533
102,20391,306,407,22006
102,20392,306,407,31837
102,20394,303,406,516
102,20398,303,401,30483
102,20404,303,401,15336
102,20405,302,408,47868
102,20407,305,412,4876
102,20408,302,408,32003
102,20412,306,407,17745
102,20413,306,407,321277
102,20414,308,404,263690
102,20416,301,405,45684
102,20418,307,403,2871
102,20419,306,407,60717
102,20422,302,408,13700
102,20424,306,407,9204
102,20427,302,408,24670
102,20433,305,412,22191
102,20434,306,407,6879
102,20438,304,409,2934
102,20443,303,410,4959
102,20445,303,401,156780
102,20447,304,409,7819
102,20452,301,405,28216
102,20457,305,412,427212
102,20459,305,412,16878
102,20461,303,406,4192
102,20462,302,408,5362
102,20472,308,404,7307
102,20473,306,407,10250
102,20476,307,403,9727
102,20478,302,408,14238
102,20480,307,403,57125
102,20483,305,412,112910
102,20492,307,403,70770
102,20494,304,409,4723
102,20501,306,407,558617
102,20502,305,412,14174
102,20504,307,403,90848
102,20506,303,401,4099
102,20512,308,404,161664
102,20515,305,412,10204
102,20522,305,412,19756
102,20523,308,404,317256
102,20525,301,405,50275
102,20528,303,410,228
102,20531,307,403,57701
102,20540,303,401,7594
102,20545,305,412,430836
102,20546,302,408,13008
102,20554,305,412,2469
102,20555,308,404,228901
102,20561,303,401,38648
102,20563,303,401,1938
102,20567,303,406,1843
102,20576,302,408,30272
102,20580,302,408,22828
102,20583,306,407,488618
102,20584,306,407,69494
102,20587,306,407,83856
102,20590,306,407,6582
102,20596,302,408,27796
102,20597,302,408,36479
102,20600,307,403,39777
102,20610,303,410,205
102,20618,307,403,21251
102,20620,302,408,26255
102,20627,307,403,100
102,20631,307,403,187741
102,20636,306,407,15069
102,20637,306,407,808
102,20648,305,412,232391
102,20649,308,404,7129
102,20654,307,403,14858
102,20655,306,407,49283
102,20656,305,412,55426
102,20657,303,410,8842
102,20660,308,404,11237
102,20661,302,408,138486
102,20668,304,409,21471
102,20675,307,403,23201
102,20683,302,408,34609
102,20687,307,403,309
102,20688,303,401,56131
102,20693,308,404,350710
102,20696,305,412,22814
102,20697,304,409,3015
102,20699,306,407,220
102,20700,306,407,102232
102,20702,305,412,19551
102,20704,307,403,114096
102,20707,306,407,1355
102,20709,302,408,5170
102,20711,304,409,3852
102,20712,306,407,53413
102,20717,303,401,198758
102,20720,303,401,99815
102,20721,306,407,1867
102,20722,306,407,3323
102,20727,302,408,35075
102,20731,302,408,145
102,20734,306,407,39816
102,20737,308,404,181
102,20738,305,412,1288
102,20739,305,412,51935
102,20740,304,409,17643
102,20743,305,412,175433
102,20744,302,408,6149
102,20753,308,404,27401
102,20759,302,408,33500
102,20761,302,408,7323
102,20763,308,404,215210
102,20766,306,407,97824
102,20768,308,404,84480
102,20775,306,407,1382
102,20782,303,406,537
102,20786,303,401,91152
102,20795,307,403,111847
102,20797,305,412,10490
102,20803,304,409,36688
102,20805,306,407,26405
102,20808,306,407,30541
102,20810,306,407,186834
102,20814,301,405,29094
102,20816,306,407,2560
102,20820,306,407,547777
102,20824,304,409,2215
102,20827,303,401,34399
102,20830,307,403,60019
102,20834,302,408,125366
102,20840,303,401,46648
102,20842,308,404,93832
102,20849,305,412,8028
102,20859,306,407,125420
102,20860,302,408,4229
102,20862,307,403,375047
102,20868,308,404,24925
102,20875,302,408,13927
102,20877,308,404,320460
102,20879,305,412,31885
102,20880,305,412,1890
102,20882,306,407,577
102,20886,303,410,4174
102,20892,306,407,10104
102,20896,307,403,93071
102,20900,306,407,139632
102,20901,303,410,7725
102,20911,301,405,26828
102,20912,305,412,11615
102,20913,306,407,855
102,20914,302,408,11343
102,20916,306,407,246711
102,20920,306,407,327154
102,20922,305,412,20311
102,20926,308,404,5251
102,20932,303,401,356631
102,20934,305,412,21
102,20937,308,404,37680
102,20939,308,404,24855
102,20940,303,410,1191
102,20944,301,405,82697
102,20947,306,407,20941
102,20949,307,403,8974
102,20953,302,408,52493
102,20956,307,403,13141
102,20960,306,407,4895
102,20969,306,407,13308
102,20973,306,407,1625675
102,20976,306,407,29255
102,20980,303,401,40493
102,20981,304,409,6680
102,20992,303,411,4441
102,20993,306,407,168903
102,20994,302,408,2696
102,20996,306,407,974793
102,20997,305,412,507
102,20998,302,408,51
102,21000,301,405,13021
102,21003,306,407,262686
102,21016,308,404,75485
102,21023,306,407,9704
102,21026,306,407,190883
102,21027,302,408,239753
102,21028,306,407,26004
102,21034,306,407,3579
102,21036,303,406,139
102,21038,308,404,27545
102,21039,306,407,110379
102,21046,302,408,1441
102,21048,306,407,10139
102,21049,304,409,39041
102,21053,306,407,138790
102,21054,308,404,66772
102,21055,303,401,1507
102,21057,303,401,76298
102,21061,308,404,714686
102,21064,308,404,6567
102,21067,302,408,34097
102,21068,305,412,216833
102,21076,302,408,38333
102,21077,303,410,240
102,21081,307,403,416610
102,21082,306,407,5556
102,21086,303,410,8015
102,21088,301,405,18389
102,21094,306,407,3870
102,21100,302,408,9318
102,21103,306,407,177064
102,21105,308,404,539
102,21109,302,408,38310
102,21110,307,403,26
102,21111,303,410,2099
102,21115,307,403,244
102,21119,305,412,2091
102,21123,303,406,2650
102,21124,307,403,24148
102,21126,307,403,13197
102,21129,302,408,19766
102,21157,308,404,46023
102,21158,306,407,12411
102,21160,306,407,7611
102,21164,302,408,519
102,21166,305,412,6920
102,21168,308,404,13550
102,21173,308,404,19642
102,21174,305,412,191
102,21182,303,401,1110
102,21183,307,403,280025
102,21188,303,410,3851
102,21192,303,411,1409
102,21195,302,408,5466
102,21198,306,407,18828
102,21201,306,407,36046
102,21203,306,407,30322
102,21206,306,407,10726
102,21212,306,407,92380
102,21215,303,401,10643
102,21225,306,407,10445
102,21230,305,412,3351
102,21236,303,410,302
102,21238,308,404,308224
102,21240,302,408,11029
102,21245,302,408,2430
102,21249,307,403,442359
102,21250,303,401,16497
102,21253,306,407,172961
102,21255,306,407,138544
102,21260,301,405,86327
102,21268,307,403,1906
102,21271,306,407,2339806
102,21274,305,412,346355
102,21279,302,408,26230
102,21280,306,407,3870
102,21282,302,408,107
102,21284,306,407,125866
102,21285,306,407,35631
102,21289,303,401,264
102,21290,305,412,30508
102,21292,303,410,3068
102,21297,306,407,91452
102,21298,306,407,11022
102,21306,306,407,140790
102,21312,302,408,6606
102,21314,308,404,284560
102,21318,303,401,4993
102,21320,306,407,3
102,21326,307,403,67630
102,21328,303,410,927
102,21330,303,401,27644
102,21340,304,409,3376
102,21342,302,408,16576
102,21346,306,407,16389
102,21347,303,401,35520
102,21350,305,412,85800
102,21356,306,407,8592
102,21357,303,406,88
102,21359,306,407,132614
102,21361,303,401,28032
102,21363,305,412,22455
102,21373,306,407,140123
102,21376,308,404,155
102,21379,305,412,46898
102,21381,306,407,73454
102,21386,306,407,3028
102,21390,306,407,41022
102,21394,306,407,684928
102,21398,308,404,25781
102,21406,303,401,8923
102,21407,308,404,13508
102,21409,303,410,4577
102,21415,305,412,21109
102,21420,307,403,791
102,21424,306,407,182215
102,21430,306,407,9322
102,21431,302,408,27031
102,21432,308,404,333
102,21433,304,409,2183
102,21435,308,404,127347
102,21437,302,408,12453
102,21440,305,412,1631
102,21442,302,408,12936
102,21444,307,403,2629
102,21446,308,404,234766
102,21449,303,401,56698
102,21454,304,409,12041
102,21456,306,407,30792
102,21460,303,406,1405
102,21462,308,404,61367
102,21467,306,407,7887
102,21468,305,412,97969
102,21477,303,411,3673
102,21480,303,401,103138
102,21484,305,412,111126
102,21488,307,403,2359
102,21490,306,407,7993
102,21492,306,407,22613
102,21501,306,407,8423
102,21502,302,408,4564
102,21507,306,407,60945
102,21511,306,407,15858
102,21517,306,407,15721
102,21518,305,412,17086
102,21524,307,403,227642
102,21527,306,407,27400
102,21529,304,409,2109
102,21537,306,407,15183
102,21548,306,407,11770
102,21549,307,403,122878
102,21550,301,405,11794
102,21555,303,410,5955
102,21558,302,408,1259
102,21561,306,407,239366
102,21562,306,407,267676
102,21574,304,409,12143
102,21576,302,408,2793
102,21577,302,408,1881
102,21585,302,408,24154
102,21589,306,407,61884
102,21592,307,403,26838
102,21596,302,408,6456
102,21597,302,408,6493
102,21601,306,407,512030
102,21612,304,409,1301
102,21614,306,407,6
102,21617,303,401,22071
102,21619,306,402,1928511
102,21625,302,408,18160
102,21626,308,404,16616
102,21639,308,404,32329
102,21644,303,401,159303
102,21648,306,407,569
102,21650,303,401,7273
102,21652,302,408,4180
102,21653,306,407,19731
102,21657,306,407,95166
102,21662,302,408,15481
102,21664,307,403,73956
102,21681,302,408,82253
102,21690,303,401,40831
102,21691,301,405,580
102,21698,308,404,1051
102,21703,305,412,62623
102,21709,302,408,12989
102,21712,306,407,60646
102,21715,302,408,715046
102,21731,301,405,138503
102,21737,307,403,110
102,21739,306,407,61121
102,21740,307,403,1747
102,21743,307,403,10150
102,21745,303,401,24735
102,21749,303,401,1364
102,21754,305,412,33489
102,21755,307,403,3870
102,21757,303,406,3808
102,21760,302,408,370
102,21768,307,403,6404
102,21772,307,403,785
102,21775,302,408,67576
102,21777,302,408,3639
102,21779,307,403,115584
102,21781,307,403,44243
102,21785,305,412,22783
102,21789,306,407,771
102,21793,303,411,454
102,21795,306,407,6463
102,21801,301,405,67133
102,21807,303,410,244
102,21809,307,403,296635
102,21814,306,407,184524
102,21819,306,402,269570
102,21820,306,407,10207
102,21830,305,412,5771
102,21839,307,403,1004
102,21842,305,412,26535
102,21845,302,408,52366
102,21855,302,408,4470
102,21871,306,407,1868
102,21875,302,408,3308
102,21881,306,407,207423
102,21883,306,407,322312
102,21884,306,407,2604
102,21888,306,407,1528
102,21892,303,410,385
102,21895,308,404,2030
102,21902,308,404,164309
102,21903,305,412,13590
102,21909,303,401,19373
102,21911,306,407,11868
102,21913,306,407,171474
102,21914,306,407,9831
102,21915,303,410,959
102,21920,305,412,42804
102,21923,307,403,8390
102,21926,305,412,12311
102,21940,303,401,4153
102,21942,306,407,40145
102,21955,303,410,747
102,21961,308,404,61559
102,21964,303,410,925
102,21967,302,408,186
102,21969,303,410,19291
102,21974,306,407,134129
102,21977,307,403,11338
102,21978,307,403,158469
102,21979,306,407,602
102,21980,303,401,8035
102,21984,306,407,7824
102,21986,301,405,443898
102,21992,307,403,6237
102,21995,306,407,128629
102,22005,308,404,8622
102,22006,302,408,2053
102,22007,302,408,72864
102,22013,303,401,1622
102,22015,304,409,10081
102,22025,306,407,3188
102,22027,306,402,12942
102,22030,307,403,19451
102,22035,305,412,30456
102,22038,306,407,44055
102,22040,304,409,49132
102,22045,302,408,8731
102,22046,305,412,125382
102,22047,306,407,84889
102,22048,306,407,135645
102,22052,302,408,5033
102,22056,302,408,28415
102,22058,302,408,29150
102,22059,305,412,41310
102,22061,306,407,1305
102,22066,307,403,175254
102,22081,303,401,25623
102,22084,302,408,11595
103,20002,303,406,8992
103,20003,301,405,310120
103,20006,307,403,96118
103,20014,307,403,244414
103,20016,303,401,74210
103,20018,306,407,117412
103,20024,306,402,47948
103,20033,307,403,6531
103,20038,307,403,32054
103,20039,305,412,528
103,20041,302,408,41743
103,20046,303,401,283
103,20049,302,408,16339
103,20056,302,408,8614
103,20076,303,401,96734
103,20085,301,405,129684
103,20086,303,401,85112
103,20089,307,403,54074
103,20091,308,404,20665
103,20093,306,407,91398
103,20099,302,408,16
103,20107,306,407,14890
103,20111,306,407,18896
103,20113,308,404,19201
103,20118,305,412,9397
103,20119,305,412,23996
103,20121,306,407,6044
103,20123,306,407,31227
103,20127,307,403,26323
103,20131,306,407,53322
103,20134,305,412,34196
103,20135,303,401,93852
103,20139,306,407,150363
103,20142,306,407,2815
103,20145,306,407,2034
103,20146,306,402,21506
103,20147,307,403,4855
103,20150,304,409,13032
103,20152,305,412,302828
103,20155,303,401,4134
103,20156,305,412,896
103,20160,303,410,12
103,20161,302,408,49
103,20162,302,408,17314
103,20164,306,407,1110
103,20169,308,404,32413
103,20172,306,407,25120
103,20173,303,401,68016
103,20175,304,409,16638
103,20176,307,403,7422
103,20178,307,403,910
103,20182,303,401,11582
103,20187,302,408,6814
103,20189,305,412,127145
103,20192,308,404,62606
103,20193,302,408,6889
103,20195,302,408,9700
103,20206,305,412,110952
103,20207,303,401,9035
103,20213,305,412,79861
103,20215,302,408,6750
103,20221,306,407,30627
103,20222,302,408,15
103,20224,307,403,369387
103,20225,303,411,1160
103,20226,303,401,193484
103,20227,308,404,272505
103,20231,305,412,63
103,20235,303,411,1033
103,20238,302,408,2961
103,20240,306,407,6
103,20248,306,402,161515
103,20251,303,406,3910
103,20252,306,407,92254
103,20253,306,407,269905
103,20256,307,403,4620
103,20259,306,407,1083
103,20267,303,401,9768
103,20272,308,404,16283
103,20278,305,412,19975
103,20283,306,407,604869
103,20284,304,409,76615
103,20292,305,412,21860
103,20296,305,412,122590
103,20297,306,407,1018
103,20300,305,412,3491
103,20310,302,408,2932
103,20311,307,403,7182
103,20313,305,412,109937
103,20316,301,405,23262
103,20320,306,407,1614
103,20321,302,408,11551
103,20323,305,412,357006
103,20325,308,404,4218
103,20336,303,401,3067
103,20337,302,408,36907
103,20341,308,404,82814
103,20343,304,409,59804
103,20344,308,404,9425
103,20346,306,407,65666
103,20347,308,404,11327
103,20350,305,412,13144
103,20351,305,412,20216
103,20352,305,412,38900
103,20355,303,401,1048
103,20357,301,405,20940
103,20358,302,408,3195
103,20366,302,408,9768
103,20368,306,407,165274
103,20384,307,403,4742
103,20385,306,407,48757
103,20387,305,412,6181
103,20389,302,408,52533
103,20390,303,401,2315
103,20392,306,407,31837
103,20394,303,406,516
103,20396,305,412,48141
103,20398,303,401,30483
103,20404,303,401,15336
103,20405,302,408,47868
103,20407,305,412,4876
103,20412,306,407,17745
103,20413,306,407,321277
103,20414,308,404,263690
103,20415,305,412,23976
103,20418,307,403,2871
103,20419,306,407,60717
103,20422,302,408,13700
103,20427,302,408,24670
103,20428,303,401,16993
103,20433,305,412,22191
103,20434,306,407,6879
103,20438,304,409,2934
103,20445,303,401,156780
103,20447,304,409,7819
103,20452,301,405,28216
103,20457,305,412,427212
103,20459,305,412,16878
103,20461,303,406,4192
103,20464,307,403,8651
103,20465,302,408,9896
103,20472,308,404,7307
103,20473,306,407,10250
103,20478,302,408,14238
103,20479,302,408,9198
103,20480,307,403,57125
103,20483,305,412,112910
103,20492,307,403,70770
103,20494,304,409,4723
103,20501,306,407,558617
103,20504,307,403,90848
103,20515,305,412,10204
103,20522,305,412,19756
103,20523,308,404,317256
103,20525,301,405,50275
103,20527,303,406,9954
103,20531,307,403,57701
103,20533,305,412,1725
103,20540,303,401,7594
103,20545,305,412,430836
103,20547,305,412,7806
103,20551,306,407,108
103,20554,305,412,2469
103,20555,308,404,228901
103,20556,306,407,99
103,20561,303,401,38648
103,20563,303,401,1938
103,20565,305,412,1319
103,20567,303,406,1843
103,20568,306,407,42559
103,20573,306,407,215096
103,20575,308,404,100924
103,20580,302,408,22828
103,20581,305,412,85220
103,20582,302,408,142612
103,20583,306,407,488618
103,20587,306,407,83856
103,20589,303,401,31793
103,20593,303,401,738
103,20596,302,408,27796
103,20597,302,408,36479
103,20600,307,403,39777
103,20608,302,408,16909
103,20617,307,403,30931
103,20618,307,403,21251
103,20625,302,408,811
103,20627,307,403,100
103,20631,307,403,187741
103,20636,306,407,15069
103,20648,305,412,232391
103,20649,308,404,7129
103,20653,305,412,183692
103,20654,307,403,14858
103,20655,306,407,49283
103,20657,303,410,8842
103,20660,308,404,11237
103,20661,302,408,138486
103,20662,305,412,114565
103,20675,307,403,23201
103,20678,303,401,43311
103,20683,302,408,34609
103,20684,303,401,30648
103,20687,307,403,309
103,20693,308,404,350710
103,20694,305,412,7195
103,20696,305,412,22814
103,20697,304,409,3015
103,20699,306,407,220
103,20702,305,412,19551
103,20703,302,408,17251
103,20704,307,403,114096
103,20707,306,407,1355
103,20709,302,408,5170
103,20711,304,409,3852
103,20712,306,407,53413
103,20714,305,412,5644
103,20717,303,401,198758
103,20720,303,401,99815
103,20722,306,407,3323
103,20727,302,408,35075
103,20730,302,408,1792
103,20731,302,408,145
103,20734,306,407,39816
103,20737,308,404,181
103,20738,305,412,1288
103,20739,305,412,51935
103,20740,304,409,17643
103,20743,305,412,175433
103,20744,302,408,6149
103,20747,302,408,127534
103,20753,308,404,27401
103,20759,302,408,33500
103,20763,308,404,215210
103,20766,306,407,97824
103,20768,308,404,84480
103,20773,303,401,26952
103,20775,306,407,1382
103,20782,303,406,537
103,20786,303,401,91152
103,20789,302,408,15710
103,20795,307,403,111847
103,20797,305,412,10490
103,20803,304,409,36688
103,20805,306,407,26405
103,20808,306,407,30541
103,20810,306,407,186834
103,20816,306,407,2560
103,20820,306,407,547777
103,20825,308,404,385
103,20827,303,401,34399
103,20840,303,401,46648
103,20842,308,404,93832
103,20849,305,412,8028
103,20860,302,408,4229
103,20862,307,403,375047
103,20868,308,404,24925
103,20877,308,404,320460
103,20878,303,401,2094
103,20879,305,412,31885
103,20880,305,412,1890
103,20885,306,407,119814
103,20886,303,410,4174
103,20892,306,407,10104
103,20896,307,403,93071
103,20897,306,407,2351
103,20900,306,407,139632
103,20901,303,410,7725
103,20911,301,405,26828
103,20913,306,407,855
103,20914,302,408,11343
103,20915,304,409,572
103,20916,306,407,246711
103,20920,306,407,327154
103,20922,305,412,20311
103,20925,306,407,10175
103,20932,303,401,356631
103,20934,305,412,21
103,20937,308,404,37680
103,20939,308,404,24855
103,20940,303,410,1191
103,20942,305,412,18716
103,20944,301,405,82697
103,20947,306,407,20941
103,20949,307,403,8974
103,20953,302,408,52493
103,20956,307,403,13141
103,20973,306,407,1625675
103,20980,303,401,40493
103,20981,304,409,6680
103,20984,306,407,23104
103,20985,303,401,11057
103,20988,303,401,25301
103,20992,303,411,4441
103,20993,306,407,168903
103,20994,302,408,2696
103,20996,306,407,974793
103,20997,305,412,507
103,21000,301,405,13021
103,21001,305,412,25561
103,21016,308,404,75485
103,21023,306,407,9704
103,21026,306,407,190883
103,21027,302,408,239753
103,21034,306,407,3579
103,21036,303,406,139
103,21038,308,404,27545
103,21043,306,407,21614
103,21046,302,408,1441
103,21049,304,409,39041
103,21053,306,407,138790
103,21054,308,404,66772
103,21061,308,404,714686
103,21067,302,408,34097
103,21068,305,412,216833
103,21069,303,401,637
103,21075,303,401,12024
103,21076,302,408,38333
103,21081,307,403,416610
103,21082,306,407,5556
103,21088,301,405,18389
103,21094,306,407,3870
103,21100,302,408,9318
103,21103,306,407,177064
103,21105,308,404,539
103,21109,302,408,38310
103,21110,307,403,26
103,21111,303,410,2099
103,21113,306,407,2814
103,21115,307,403,244
103,21119,305,412,2091
103,21123,303,406,2650
103,21129,302,408,19766
103,21143,303,401,1640
103,21151,306,407,38500
103,21153,303,401,13611
103,21157,308,404,46023
103,21158,306,407,12411
103,21160,306,407,7611
103,21168,308,404,13550
103,21173,308,404,19642
103,21174,305,412,191
103,21180,303,401,20203
103,21182,303,401,1110
103,21183,307,403,280025
103,21185,307,403,16413
103,21188,303,410,3851
103,21192,303,411,1409
103,21195,302,408,5466
103,21198,306,407,18828
103,21206,306,407,10726
103,21211,303,401,765
103,21212,306,407,92380
103,21214,306,407,389
103,21215,303,401,10643
103,21225,306,407,10445
103,21228,302,408,8930
103,21230,305,412,3351
103,21236,303,410,302
103,21238,308,404,308224
103,21240,302,408,11029
103,21245,302,408,2430
103,21249,307,403,442359
103,21250,303,401,16497
103,21252,306,407,2293
103,21253,306,407,172961
103,21255,306,407,138544
103,21256,306,407,75998
103,21260,301,405,86327
103,21268,307,403,1906
103,21269,303,401,16587
103,21271,306,407,2339806
103,21274,305,412,346355
103,21280,306,407,3870
103,21285,306,407,35631
103,21290,305,412,30508
103,21292,303,410,3068
103,21296,304,409,29399
103,21312,302,408,6606
103,21314,308,404,284560
103,21318,303,401,4993
103,21320,306,407,3
103,21321,306,407,5219
103,21328,303,410,927
103,21330,303,401,27644
103,21331,306,407,4976
103,21340,304,409,3376
103,21346,306,407,16389
103,21350,305,412,85800
103,21357,303,406,88
103,21359,306,407,132614
103,21361,303,401,28032
103,21363,305,412,22455
103,21371,305,412,9979
103,21373,306,407,140123
103,21376,308,404,155
103,21379,305,412,46898
103,21386,306,407,3028
103,21394,306,407,684928
103,21398,308,404,25781
103,21406,303,401,8923
103,21407,308,404,13508
103,21409,303,410,4577
103,21412,302,408,120190
103,21415,305,412,21109
103,21420,307,403,791
103,21424,306,407,182215
103,21425,307,403,7839
103,21430,306,407,9322
103,21431,302,408,27031
103,21433,304,409,2183
103,21435,308,404,127347
103,21437,302,408,12453
103,21440,305,412,1631
103,21444,307,403,2629
103,21446,308,404,234766
103,21456,306,407,30792
103,21459,306,407,2724
103,21460,303,406,1405
103,21461,305,412,29656
103,21462,308,404,61367
103,21467,306,407,7887
103,21468,305,412,97969
103,21472,306,407,25443
103,21477,303,411,3673
103,21478,302,408,48
103,21480,303,401,103138
103,21484,305,412,111126
103,21488,307,403,2359
103,21490,306,407,7993
103,21491,305,412,4614
103,21492,306,407,22613
103,21501,306,407,8423
103,21502,302,408,4564
103,21507,306,407,60945
103,21524,307,403,227642
103,21527,306,407,27400
103,21529,304,409,2109
103,21532,304,409,25982
103,21542,306,407,11559
103,21543,307,403,327
103,21545,306,407,416
103,21546,306,407,16185
103,21549,307,403,122878
103,21550,301,405,11794
103,21555,303,410,5955
103,21562,306,407,267676
103,21574,304,409,12143
103,21576,302,408,2793
103,21577,302,408,1881
103,21583,305,412,23830
103,21585,302,408,24154
103,21589,306,407,61884
103,21592,307,403,26838
103,21596,302,408,6456
103,21597,302,408,6493
103,21598,305,412,34264
103,21601,306,407,512030
103,21617,303,401,22071
103,21619,306,402,1928511
103,21626,308,404,16616
103,21637,305,412,10012
103,21639,308,404,32329
103,21644,303,401,159303
103,21648,306,407,569
103,21650,303,401,7273
103,21652,302,408,4180
103,21664,307,403,73956
103,21675,305,412,2690
103,21681,302,408,82253
103,21683,302,408,4193
103,21690,303,401,40831
103,21698,308,404,1051
103,21703,305,412,62623
103,21709,302,408,12989
103,21715,302,408,715046
103,21716,307,403,35704
103,21721,302,408,8
103,21731,301,405,138503
103,21737,307,403,110
103,21740,307,403,1747
103,21743,307,403,10150
103,21749,303,401,1364
103,21751,306,402,15772
103,21754,305,412,33489
103,21755,307,403,3870
103,21757,303,406,3808
103,21760,302,408,370
103,21764,302,408,71290
103,21768,307,403,6404
103,21772,307,403,785
103,21775,302,408,67576
103,21777,302,408,3639
103,21779,307,403,115584
103,21781,307,403,44243
103,21785,305,412,22783
103,21793,303,411,454
103,21795,306,407,6463
103,21801,301,405,67133
103,21807,303,410,244
103,21808,303,410,590
103,21809,307,403,296635
103,21814,306,407,184524
103,21819,306,402,269570
103,21839,307,403,1004
103,21845,302,408,52366
103,21855,302,408,4470
103,21865,306,407,602
103,21871,306,407,1868
103,21873,303,401,3951
103,21875,302,408,3308
103,21878,305,412,30820
103,21881,306,407,207423
103,21883,306,407,322312
103,21887,302,408,7710
103,21892,303,410,385
103,21895,308,404,2030
103,21898,306,407,1266
103,21902,308,404,164309
103,21903,305,412,13590
103,21911,306,407,11868
103,21913,306,407,171474
103,21914,306,407,9831
103,21915,303,410,959
103,21923,307,403,8390
103,21940,303,401,4153
103,21959,305,412,6137
103,21960,303,401,3291
103,21961,308,404,61559
103,21962,303,401,23119
103,21964,303,410,925
103,21969,303,410,19291
103,21974,306,407,134129
103,21977,307,403,11338
103,21978,307,403,158469
103,21980,303,401,8035
103,21982,305,412,74290
103,21986,301,405,443898
103,21994,303,401,30457
103,21995,306,407,128629
103,22006,302,408,2053
103,22007,302,408,72864
103,22015,304,409,10081
103,22021,307,403,145918
103,22027,306,402,12942
103,22028,305,412,41741
103,22030,307,403,19451
103,22035,305,412,30456
103,22040,304,409,49132
103,22045,302,408,8731
103,22046,305,412,125382
103,22047,306,407,84889
103,22050,308,404,29550
103,22052,302,408,5033
103,22058,302,408,29150
103,22059,305,412,41310
103,22061,306,407,1305
103,22066,307,403,175254
103,22071,303,410,616
103,22081,303,401,25623
103,22083,303,401,53242
103,22084,302,408,11595
105,20002,303,406,8992
105,20003,301,405,310120
105,20006,307,403,96118
105,20014,307,403,244414
105,20016,303,401,74210
105,20018,306,407,117412
105,20024,306,402,47948
105,20030,307,403,5168
105,20032,303,401,1328
105,20038,307,403,32054
105,20039,305,412,528
105,20041,302,408,41743
105,20044,308,404,11503
105,20046,303,401,283
105,20047,308,404,2989
105,20055,304,409,11289
105,20056,302,408,8614
105,20058,303,401,80902
105,20069,306,407,9025
105,20074,308,404,14395
105,20085,301,405,129684
105,20089,307,403,54074
105,20091,308,404,20665
105,20093,306,407,91398
105,20099,302,408,16
105,20107,306,407,14890
105,20111,306,407,18896
105,20113,308,404,19201
105,20118,305,412,9397
105,20119,305,412,23996
105,20121,306,407,6044
105,20123,306,407,31227
105,20127,307,403,26323
105,20134,305,412,34196
105,20139,306,407,150363
105,20142,306,407,2815
105,20145,306,407,2034
105,20146,306,402,21506
105,20150,304,409,13032
105,20152,305,412,302828
105,20153,306,407,8604
105,20156,305,412,896
105,20157,303,401,10086
105,20158,302,408,20
105,20160,303,410,12
105,20161,302,408,49
105,20162,302,408,17314
105,20163,302,408,1652
105,20164,306,407,1110
105,20169,308,404,32413
105,20173,303,401,68016
105,20175,304,409,16638
105,20176,307,403,7422
105,20178,307,403,910
105,20182,303,401,11582
105,20192,308,404,62606
105,20195,302,408,9700
105,20206,305,412,110952
105,20207,303,401,9035
105,20213,305,412,79861
105,20215,302,408,6750
105,20218,302,408,3005
105,20221,306,407,30627
105,20224,307,403,369387
105,20225,303,411,1160
105,20226,303,401,193484
105,20227,308,404,272505
105,20230,306,407,180386
105,20231,305,412,63
105,20234,306,407,16220
105,20235,303,411,1033
105,20238,302,408,2961
105,20239,306,407,1354
105,20240,306,407,6
105,20247,306,407,4075
105,20248,306,402,161515
105,20249,302,408,7525
105,20252,306,407,92254
105,20253,306,407,269905
105,20256,307,403,4620
105,20259,306,407,1083
105,20261,304,409,8619
105,20272,308,404,16283
105,20274,302,408,6664
105,20278,305,412,19975
105,20282,305,412,736
105,20283,306,407,604869
105,20284,304,409,76615
105,20292,305,412,21860
105,20294,308,404,6147
105,20296,305,412,122590
105,20297,306,407,1018
105,20300,305,412,3491
105,20304,302,408,7031
105,20310,302,408,2932
105,20311,307,403,7182
105,20313,305,412,109937
105,20316,301,405,23262
105,20319,302,408,1588
105,20320,306,407,1614
105,20321,302,408,11551
105,20323,305,412,357006
105,20325,308,404,4218
105,20332,302,408,63
105,20336,303,401,3067
105,20337,302,408,36907
105,20341,308,404,82814
105,20343,304,409,59804
105,20344,308,404,9425
105,20346,306,407,65666
105,20347,308,404,11327
105,20350,305,412,13144
105,20357,301,405,20940
105,20366,302,408,9768
105,20368,306,407,165274
105,20377,303,410,83
105,20384,307,403,4742
105,20385,306,407,48757
105,20387,305,412,6181
105,20392,306,407,31837
105,20396,305,412,48141
105,20398,303,401,30483
105,20404,303,401,15336
105,20405,302,408,47868
105,20407,305,412,4876
105,20413,306,407,321277
105,20414,308,404,263690
105,20416,301,405,45684
105,20418,307,403,2871
105,20419,306,407,60717
105,20426,306,407,11653
105,20427,302,408,24670
105,20429,305,412,7435
105,20433,305,412,22191
105,20438,304,409,2934
105,20439,302,408,2782
105,20445,303,401,156780
105,20447,304,409,7819
105,20452,301,405,28216
105,20454,306,407,20693
105,20457,305,412,427212
105,20461,303,406,4192
105,20464,307,403,8651
105,20472,308,404,7307
105,20473,306,407,10250
105,20474,302,408,877
105,20476,307,403,9727
105,20478,302,408,14238
105,20480,307,403,57125
105,20492,307,403,70770
105,20494,304,409,4723
105,20498,306,407,28948
105,20501,306,407,558617
105,20504,307,403,90848
105,20510,308,404,886
105,20512,308,404,161664
105,20515,305,412,10204
105,20522,305,412,19756
105,20523,308,404,317256
105,20525,301,405,50275
105,20531,307,403,57701
105,20533,305,412,1725
105,20538,306,407,8245
105,20540,303,401,7594
105,20545,305,412,430836
105,20554,305,412,2469
105,20555,308,404,228901
105,20561,303,401,38648
105,20563,303,401,1938
105,20567,303,406,1843
105,20575,308,404,100924
105,20580,302,408,22828
105,20581,305,412,85220
105,20582,302,408,142612
105,20583,306,407,488618
105,20584,306,407,69494
105,20588,302,408,1742
105,20592,302,408,654
105,20596,302,408,27796
105,20597,302,408,36479
105,20600,307,403,39777
105,20618,307,403,21251
105,20624,302,408,36115
105,20625,302,408,811
105,20627,307,403,100
105,20629,307,403,3643
105,20630,306,407,11461
105,20631,307,403,187741
105,20633,306,407,32221
105,20636,306,407,15069
105,20640,306,407,5082
105,20641,302,408,528
105,20643,305,412,1649
105,20648,305,412,232391
105,20653,305,412,183692
105,20655,306,407,49283
105,20657,303,410,8842
105,20660,308,404,11237
105,20661,302,408,138486
105,20668,304,409,21471
105,20672,302,408,11937
105,20675,307,403,23201
105,20678,303,401,43311
105,20683,302,408,34609
105,20684,303,401,30648
105,20687,307,403,309
105,20689,303,401,3285
105,20693,308,404,350710
105,20696,305,412,22814
105,20697,304,409,3015
105,20699,306,407,220
105,20703,302,408,17251
105,20704,307,403,114096
105,20707,306,407,1355
105,20709,302,408,5170
105,20711,304,409,3852
105,20712,306,407,53413
105,20720,303,401,99815
105,20722,306,407,3323
105,20727,302,408,35075
105,20730,302,408,1792
105,20734,306,407,39816
105,20737,308,404,181
105,20738,305,412,1288
105,20739,305,412,51935
105,20740,304,409,17643
105,20742,308,404,6374
105,20743,305,412,175433
105,20744,302,408,6149
105,20747,302,408,127534
105,20753,308,404,27401
105,20759,302,408,33500
105,20763,308,404,215210
105,20766,306,407,97824
105,20768,308,404,84480
105,20770,302,408,1169
105,20773,303,401,26952
105,20775,306,407,1382
105,20780,306,407,24944
105,20786,303,401,91152
105,20789,302,408,15710
105,20792,302,408,17209
105,20795,307,403,111847
105,20796,304,409,28975
105,20799,302,408,21147
105,20803,304,409,36688
105,20805,306,407,26405
105,20808,306,407,30541
105,20810,306,407,186834
105,20814,301,405,29094
105,20816,306,407,2560
105,20820,306,407,547777
105,20824,304,409,2215
105,20827,303,401,34399
105,20830,307,403,60019
105,20840,303,401,46648
105,20842,308,404,93832
105,20846,302,408,84611
105,20849,305,412,8028
105,20858,303,401,12855
105,20860,302,408,4229
105,20862,307,403,375047
105,20868,308,404,24925
105,20875,302,408,13927
105,20876,304,409,1501
105,20877,308,404,320460
105,20879,305,412,31885
105,20880,305,412,1890
105,20885,306,407,119814
105,20886,303,410,4174
105,20896,307,403,93071
105,20897,306,407,2351
105,20899,302,408,574
105,20901,303,410,7725
105,20911,301,405,26828
105,20913,306,407,855
105,20914,302,408,11343
105,20916,306,407,246711
105,20917,302,408,22
105,20920,306,407,327154
105,20925,306,407,10175
105,20929,308,404,18464
105,20932,303,401,356631
105,20933,302,408,2218
105,20937,308,404,37680
105,20939,308,404,24855
105,20942,305,412,18716
105,20944,301,405,82697
105,20945,306,407,27440
105,20949,307,403,8974
105,20952,306,407,9086
105,20953,302,408,52493
105,20955,304,409,5655
105,20956,307,403,13141
105,20957,305,412,1810
105,20973,306,407,1625675
105,20980,303,401,40493
105,20981,304,409,6680
105,20994,302,408,2696
105,20996,306,407,974793
105,20997,305,412,507
105,21000,301,405,13021
105,21001,305,412,25561
105,21011,302,408,289
105,21016,308,404,75485
105,21022,306,407,6333
105,21023,306,407,9704
105,21026,306,407,190883
105,21027,302,408,239753
105,21034,306,407,3579
105,21038,308,404,27545
105,21039,306,407,110379
105,21044,302,408,71306
105,21046,302,408,1441
105,21049,304,409,39041
105,21053,306,407,138790
105,21054,308,404,66772
105,21061,308,404,714686
105,21062,302,408,2085
105,21063,302,408,206
105,21064,308,404,6567
105,21067,302,408,34097
105,21068,305,412,216833
105,21075,303,401,12024
105,21076,302,408,38333
105,21081,307,403,416610
105,21082,306,407,5556
105,21088,301,405,18389
105,21090,302,408,1650
105,21100,302,408,9318
105,21103,306,407,177064
105,21105,308,404,539
105,21109,302,408,38310
105,21110,307,403,26
105,21111,303,410,2099
105,21115,307,403,244
105,21119,305,412,2091
105,21124,307,403,24148
105,21127,302,408,14854
105,21129,302,408,19766
105,21147,306,407,93142
105,21151,306,407,38500
105,21156,302,408,56114
105,21157,308,404,46023
105,21158,306,407,12411
105,21160,306,407,7611
105,21164,302,408,519
105,21168,308,404,13550
105,21180,303,401,20203
105,21183,307,403,280025
105,21188,303,410,3851
105,21192,303,411,1409
105,21195,302,408,5466
105,21198,306,407,18828
105,21201,306,407,36046
105,21204,308,404,1212
105,21206,306,407,10726
105,21211,303,401,765
105,21212,306,407,92380
105,21215,303,401,10643
105,21216,306,407,770
105,21219,304,409,3370
105,21220,305,412,2704
105,21221,306,407,55131
105,21225,306,407,10445
105,21229,305,412,162488
105,21230,305,412,3351
105,21236,303,410,302
105,21238,308,404,308224
105,21240,302,408,11029
105,21245,302,408,2430
105,21249,307,403,442359
105,21252,306,407,2293
105,21253,306,407,172961
105,21255,306,407,138544
105,21260,301,405,86327
105,21268,307,403,1906
105,21271,306,407,2339806
105,21274,305,412,346355
105,21278,303,401,7075
105,21284,306,407,125866
105,21285,306,407,35631
105,21290,305,412,30508
105,21292,303,410,3068
105,21296,304,409,29399
105,21298,306,407,11022
105,21306,306,407,140790
105,21312,302,408,6606
105,21314,308,404,284560
105,21318,303,401,4993
105,21320,306,407,3
105,21321,306,407,5219
105,21323,302,408,362
105,21324,301,405,472
105,21326,307,403,67630
105,21328,303,410,927
105,21340,304,409,3376
105,21346,306,407,16389
105,21358,306,407,3659
105,21359,306,407,132614
105,21361,303,401,28032
105,21363,305,412,22455
105,21373,306,407,140123
105,21376,308,404,155
105,21379,305,412,46898
105,21381,306,407,73454
105,21386,306,407,3028
105,21388,302,408,873
105,21394,306,407,684928
105,21398,308,404,25781
105,21406,303,401,8923
105,21407,308,404,13508
105,21410,306,407,14896
105,21415,305,412,21109
105,21420,307,403,791
105,21424,306,407,182215
105,21430,306,407,9322
105,21431,302,408,27031
105,21432,308,404,333
105,21433,304,409,2183
105,21435,308,404,127347
105,21437,302,408,12453
105,21440,305,412,1631
105,21444,307,403,2629
105,21446,308,404,234766
105,21454,304,409,12041
105,21456,306,407,30792
105,21462,308,404,61367
105,21465,302,408,28201
105,21467,306,407,7887
105,21468,305,412,97969
105,21480,303,401,103138
105,21484,305,412,111126
105,21488,307,403,2359
105,21490,306,407,7993
105,21492,306,407,22613
105,21497,306,407,2774
105,21500,308,404,1243
105,21501,306,407,8423
105,21502,302,408,4564
105,21504,302,408,33
105,21505,305,412,5018
105,21507,306,407,60945
105,21521,306,407,43870
105,21524,307,403,227642
105,21529,304,409,2109
105,21530,301,405,684
105,21532,304,409,25982
105,21546,306,407,16185
105,21549,307,403,122878
105,21550,301,405,11794
105,21553,306,407,2878
105,21555,303,410,5955
105,21562,306,407,267676
105,21573,306,407,51862
105,21574,304,409,12143
105,21583,305,412,23830
105,21589,306,407,61884
105,21596,302,408,6456
105,21597,302,408,6493
105,21601,306,407,512030
105,21612,304,409,1301
105,21614,306,407,6
105,21617,303,401,22071
105,21619,306,402,1928511
105,21626,308,404,16616
105,21629,306,407,5628
105,21631,302,408,25578
105,21636,307,403,117361
105,21639,308,404,32329
105,21644,303,401,159303
105,21648,306,407,569
105,21650,303,401,7273
105,21651,308,404,29111
105,21652,302,408,4180
105,21653,306,407,19731
105,21659,306,407,36290
105,21661,306,407,2879
105,21664,307,403,73956
105,21675,305,412,2690
105,21678,302,408,731
105,21681,302,408,82253
105,21683,302,408,4193
105,21691,301,405,580
105,21698,308,404,1051
105,21700,302,408,8006
105,21703,305,412,62623
105,21709,302,408,12989
105,21715,302,408,715046
105,21716,307,403,35704
105,21730,302,408,14435
105,21731,301,405,138503
105,21732,304,409,4708
105,21735,306,407,25777
105,21737,307,403,110
105,21743,307,403,10150
105,21749,303,401,1364
105,21750,306,407,22987
105,21751,306,402,15772
105,21754,305,412,33489
105,21755,307,403,3870
105,21757,303,406,3808
105,21758,302,408,1982
105,21759,302,408,11110
105,21768,307,403,6404
105,21772,307,403,785
105,21777,302,408,3639
105,21779,307,403,115584
105,21780,306,407,9024
105,21781,307,403,44243
105,21785,305,412,22783
105,21788,304,409,1536
105,21791,302,408,12492
105,21794,306,407,43470
105,21795,306,407,6463
105,21801,301,405,67133
105,21807,303,410,244
105,21809,307,403,296635
105,21814,306,407,184524
105,21819,306,402,269570
105,21821,303,401,18628
105,21828,304,409,20681
105,21829,302,408,3277
105,21835,308,404,22327
105,21839,307,403,1004
105,21840,302,408,13861
105,21855,302,408,4470
105,21860,304,409,518
105,21871,306,407,1868
105,21875,302,408,3308
105,21878,305,412,30820
105,21881,306,407,207423
105,21883,306,407,322312
105,21884,306,407,2604
105,21892,303,410,385
105,21893,306,407,26769
105,21895,308,404,2030
105,21902,308,404,164309
105,21903,305,412,13590
105,21911,306,407,11868
105,21913,306,407,171474
105,21914,306,407,9831
105,21915,303,410,959
105,21917,305,412,32375
105,21923,307,403,8390
105,21925,302,408,666
105,21942,306,407,40145
105,21961,308,404,61559
105,21964,303,410,925
105,21966,307,403,194
105,21967,302,408,186
105,21973,308,404,13752
105,21974,306,407,134129
105,21977,307,403,11338
105,21978,307,403,158469
105,21980,303,401,8035
105,21982,305,412,74290
105,21986,301,405,443898
105,21994,303,401,30457
105,21995,306,407,128629
105,22005,308,404,8622
105,22006,302,408,2053
105,22007,302,408,72864
105,22013,303,401,1622
105,22015,304,409,10081
105,22021,307,403,145918
105,22025,306,407,3188
105,22028,305,412,41741
105,22029,301,405,333
105,22030,307,403,19451
105,22035,305,412,30456
105,22040,304,409,49132
105,22045,302,408,8731
105,22046,305,412,125382
105,22048,306,407,135645
105,22050,308,404,29550
105,22052,302,408,5033
105,22056,302,408,28415
105,22058,302,408,29150
105,22059,305,412,41310
105,22066,307,403,175254
105,22072,305,412,3762
105,22083,303,401,53242
105,22084,302,408,11595
